<package-database xmlns:cts="http://marklogic.com/cts" xmlns="http://marklogic.com/manage/package/databases">
  <metadata xmlns:db="http://marklogic.com/manage/package/databases">
    <package-version>2.0</package-version>
    <user>admin</user>
    <group>Default</group>
    <host>mltraining-pc</host>
    <timestamp>2015-01-25T05:37:39.167+09:00</timestamp>
    <platform>winnt</platform>
  </metadata>
  <config>
    <name>dkdb</name>
    <package-database-properties>
      <language>ja</language>
      <enabled>true</enabled>
      <range-element-indexes>
	<range-element-index>
	  <scalar-type>dateTime</scalar-type>
	  <namespace-uri>http://marklogic.com/xdmp/dls</namespace-uri>
	  <localname>created</localname>
	  <collation/>
	  <range-value-positions>false</range-value-positions>
	  <invalid-values>reject</invalid-values>
	</range-element-index>
	<range-element-index>
	  <scalar-type>dateTime</scalar-type>
	  <namespace-uri>http://marklogic.com/xdmp/dls</namespace-uri>
	  <localname>replaced</localname>
	  <collation/>
	  <range-value-positions>false</range-value-positions>
	  <invalid-values>reject</invalid-values>
	</range-element-index>
	<range-element-index>
	  <scalar-type>unsignedLong</scalar-type>
	  <namespace-uri>http://marklogic.com/xdmp/dls</namespace-uri>
	  <localname>version-id</localname>
	  <collation/>
	  <range-value-positions>false</range-value-positions>
	  <invalid-values>reject</invalid-values>
	</range-element-index>
	<range-element-index>
	  <scalar-type>dateTime</scalar-type>
	  <namespace-uri/>
	  <localname>created</localname>
	  <collation/>
	  <range-value-positions>false</range-value-positions>
	  <invalid-values>reject</invalid-values>
	</range-element-index>
	<range-element-index>
	  <scalar-type>dateTime</scalar-type>
	  <namespace-uri/>
	  <localname>updated</localname>
	  <collation/>
	  <range-value-positions>false</range-value-positions>
	  <invalid-values>reject</invalid-values>
	</range-element-index>
	<range-element-index>
	  <scalar-type>int</scalar-type>
	  <namespace-uri/>
	  <localname>price</localname>
	  <collation/>
	  <range-value-positions>false</range-value-positions>
	  <invalid-values>reject</invalid-values>
	</range-element-index>
	<range-element-index>
	  <scalar-type>string</scalar-type>
	  <namespace-uri/>
	  <localname>shop</localname>
	  <collation>http://marklogic.com/collation/</collation>
	  <range-value-positions>false</range-value-positions>
	  <invalid-values>reject</invalid-values>
	</range-element-index>
	<range-element-index>
	  <scalar-type>string</scalar-type>
	  <namespace-uri/>
	  <localname>name</localname>
	  <collation>http://marklogic.com/collation/</collation>
	  <range-value-positions>false</range-value-positions>
	  <invalid-values>reject</invalid-values>
	</range-element-index>
	<range-element-index>
	  <scalar-type>string</scalar-type>
	  <namespace-uri/>
	  <localname>category</localname>
	  <collation>http://marklogic.com/collation/</collation>
	  <range-value-positions>false</range-value-positions>
	  <invalid-values>reject</invalid-values>
	</range-element-index>
	<range-element-index>
	  <scalar-type>string</scalar-type>
	  <namespace-uri/>
	  <localname>ingredient</localname>
	  <collation>http://marklogic.com/collation/</collation>
	  <range-value-positions>false</range-value-positions>
	  <invalid-values>reject</invalid-values>
	</range-element-index>
      </range-element-indexes>
    </package-database-properties>
    <links>
      <forests-list>
	<forest-name>dkdb-1</forest-name>
      </forests-list>
      <security-database>Security</security-database>
      <schema-database>App-Services</schema-database>
    </links>
  </config>
</package-database>
